doc_id	mention	start	end	concept_id
9288106	ataxia	40	46	D001259
9288106	ataxia-telangiectasia	40	61	D001260
9288106	telangiectasia	47	61	D013684
9288106	Ataxia	99	105	D001259
9288106	Ataxia-telangiectasia	99	120	D001260
9288106	telangiectasia	106	120	D013684
9288106	cancer	235	241	D009369
9288106	neoplasias	263	273	D009369
9288106	chromosomal instability	351	374	D043171
9288106	malignancy	483	493	D009369
9288106	lymphomas	1329	1338	D008223
9288106	NHL	1342	1345	D008228
9288106	NHL	1355	1358	D008228
9288106	was	1682	1685	D014923
9294109	Myotonic dystrophy	0	18	D009223
9294109	Myotonic dystrophy	114	132	D009223
9311732	RB1	15	18	D012175
9311732	retinoblastoma	71	85	D012175
9311732	retinoblastoma	129	143	D012175
9311732	tumor	145	150	D009369
9311732	RB1	223	226	D012175
9311732	can	265	268	C567382
9311732	retinoblastoma	278	292	D012175
9311732	RB1	384	387	D012175
9311732	retinoblastoma	440	454	D012175
9311732	tumor	503	508	D009369
9311732	tumors	533	539	D009369
9311732	tumors	742	748	D009369
9311732	tumors	894	900	D009369
9311732	tumors	928	934	D009369
9311732	was	961	964	D014923
9311732	tumors	997	1003	D009369
9311732	tumors	1093	1099	D009369
9311732	tumors	1233	1239	D009369
9311732	was	1343	1346	D014923
9311732	was	1499	1502	D014923
9311732	was	1582	1585	D014923
9311732	was	1734	1737	D014923
9311732	tumors	1792	1798	D009369
9311732	retinoblastoma	1839	1853	D012175
9311732	retinoblastoma	1939	1953	D012175
932197	systemic lupus erythematosus	279	307	D008180
932197	was	392	395	D014923
932197	disease	637	644	D004194
932197	was	646	649	D014923
932197	C5 deficiency	983	996	C537005
932197	C5D	1069	1072	C537005
932197	was	1159	1162	D014923
932197	C5D	1257	1260	C537005
932197	C5D	1426	1429	C537005
932197	membranous glomerulonephritis	1619	1648	D015433
932197	glomerulonephritis	1630	1648	D005921
932197	vasculitis	1650	1660	D014657
932197	arthritis	1666	1675	D001168
932197	bacterial infections	1769	1789	D001424
932197	infections	1779	1789	D007239
932197	C5D	1916	1919	C537005
932197	leukocytosis	2014	2026	D007964
932197	infection	2043	2052	D007239
9336417	ankylosing spondylitis	18	40	D013167
9336417	spondylitis	29	40	D013166
9336417	ankylosing spondylitis	199	221	D013167
9336417	spondylitis	210	221	D013166
9336417	Rheumatic Diseases	304	322	D012216
9336417	Diseases	314	322	D004194
9336417	Diseases	314	322	C
9336417	disease	415	422	D004194
9336417	was	432	435	D014923
9336417	was	540	543	D014923
9336417	was	628	631	D014923
9336417	disease	863	870	D004194
9336417	disease	1055	1062	D004194
9336417	all	1073	1076	D054198
9336417	disease	1084	1091	D004194
9336417	disease	1131	1138	D004194
9336417	disease	1235	1242	D004194
9336417	disease	1272	1279	D004194
9336417	was	1292	1295	D014923
9336417	was	1361	1364	D014923
9336417	disease	1588	1595	D004194
9336417	genetic susceptibility	1667	1689	D020022
9342365	ovarian cancer	174	188	D010051
9342365	cancer	182	188	D009369
9342365	tumor	241	246	D009369
9342365	tumor	1403	1408	D009369
9358014	HFE	26	29	D006432
9358014	hemochromatosis	106	121	D006432
9358014	hemochromatosis	106	121	D006432
9358014	HFE	198	201	D006432
9358014	was	617	620	D014923
9358014	HFE	890	893	D006432
9358014	HFE	999	1002	D006432
9358014	cancer	1048	1054	D009369
9360520	Autosomal dominant	0	18	C566739
9360520	neurohypophyseal diabetes insipidus	19	54	D020790
9360520	diabetes insipidus	36	54	D003919
9360520	Autosomal dominant	131	149	C566739
9360520	neurohypophyseal diabetes insipidus	150	185	D020790
9360520	diabetes insipidus	167	185	D003919
9360520	disease	210	217	D004194
9360520	diabetes insipidus	453	471	D003919
9360520	at 1	472	476	D001260
9360520	disease	515	522	D004194
9360520	all	802	805	D054198
9360520	was	937	940	D014923
9371490	PTEN	25	29	D006223
9371490	MMAC1	30	35	D006223
9371490	prostate cancer	47	62	D011471
9371490	cancer	56	62	D009369
9371490	carcinoma	82	91	D002277
9371490	cancer	116	122	D009369
9371490	cancer	230	236	D009369
9371490	prostate cancer	387	402	D011471
9371490	cancer	396	402	D009369
9371490	tumor	526	531	D009369
9371490	PTEN	549	553	D006223
9371490	MMAC1	554	559	D006223
9371490	was	561	564	D014923
9371490	prostate cancer	667	682	D011471
9371490	cancer	676	682	D009369
9371490	tumors	719	725	D009369
9371490	PTEN	862	866	D006223
9371490	MMAC1	867	872	D006223
9371490	tumors	1065	1071	D009369
9371490	PTEN	1084	1088	D006223
9371490	MMAC1	1089	1094	D006223
9371490	prostate cancer	1149	1164	D011471
9371490	cancer	1158	1164	D009369
9382108	Huntington disease	41	59	D006816
9382108	disease	52	59	D004194
9382108	Huntington disease	94	112	D006816
9382108	disease	105	112	D004194
9382108	was	118	121	D014923
9382108	included	255	263	C565249
9382108	included	255	263	609006
9382108	included	255	263	C566169
9382108	included	255	263	C566910
9382108	included	255	263	D029424
9382108	included	255	263	606346
9382108	included	255	263	C563526
9382108	was	592	595	D014923
9382108	was	724	727	D014923
9382108	can	879	882	C567382
9385378	mucopolysaccharidosis	96	117	D009083
9385378	IVA	118	121	C538167
9385378	Mucopolysaccharidosis	123	144	D009083
9385378	IVA	145	148	C538167
9385378	MPS IVA	150	157	D009085
9385378	IVA	154	157	C538167
9385378	MPS IVA	498	505	D009085
9385378	IVA	502	505	C538167
9385378	MPS IVA	772	779	D009085
9385378	IVA	776	779	C538167
9385378	all	1272	1275	D054198
9391879	ovarian cancer	62	76	D010051
9391879	cancer	70	76	D009369
9391879	ovarian cancer	134	148	D010051
9391879	cancer	142	148	D009369
9391879	breast cancer	247	260	D001943
9391879	cancer	254	260	D009369
9391879	ovarian cancer	288	302	D010051
9391879	cancer	296	302	D009369
9391879	was	457	460	D014923
9391879	disease	534	541	D004194
9391879	disease	573	580	D004194
9391879	was	636	639	D014923
9391879	ovarian cancer	842	856	D010051
9391879	cancer	850	856	D009369
9391889	congenital myotonic dystrophy	25	54	D009223
9391889	myotonic dystrophy	36	54	D009223
9391889	congenital myotonic dystrophy	104	133	D009223
9391889	myotonic dystrophy	115	133	D009223
9391889	muscular weakness	212	229	D018908
9400934	RB1	4	7	D012175
9400934	retinoblastoma	59	73	D012175
9400934	RB1	79	82	D012175
9400934	was	97	100	D014923
9400934	retinoblastoma	151	165	D012175
9400934	RB1	292	295	D012175
9400934	was	301	304	D014923
9400934	was	400	403	D014923
9400934	was	542	545	D014923
9400934	RB1	595	598	D012175
9400934	retinoblastoma	753	767	D012175
941901	melanoma	202	210	D008545
941901	Tay-Sachs disease	347	364	D013661
941901	disease	357	364	D004194
941901	TSD	366	369	D013661
941901	TSD	738	741	D013661
941901	TSD	972	975	D013661
941901	TSD	1114	1117	D013661
9420335	tumor	4	9	D009369
9420335	tumor	150	155	D009369
9420335	pancreatic cancers	254	272	D010190
9420335	cancers	265	272	D009369
9420335	tetraploid	650	660	D057891
9425228	melanoma	52	60	D008545
9425228	Familial Melanoma	98	115	D000096142
9425228	Melanoma	107	115	D008545
9425228	melanoma	208	216	D008545
9425228	melanoma	321	329	D008545
9425228	was	676	679	D014923
9425228	familial melanoma	949	966	D000096142
9425228	melanoma	958	966	D008545
9425228	melanoma	1010	1018	D008545
9425239	myotonic dystrophy	77	95	D009223
9425239	myotonic dystrophy	127	145	D009223
9425239	disease	644	651	D004194
9425239	myotonic dystrophy	1053	1071	D009223
9427148	Aspartylglucosaminuria	0	22	D054880
9427148	Aspartylglucosaminuria	48	70	D054880
9427148	AGU	72	75	D054880
9427148	AGU	203	206	D054880
9427148	AGU	354	357	D054880
9427148	all	481	484	D054198
9427148	AGU	559	562	D054880
9427148	disease	624	631	D004194
9439660	ataxia	42	48	D001259
9439660	ataxia-telangiectasia	42	63	D001260
9439660	telangiectasia	49	63	D013684
9439660	ataxia	152	158	D001259
9439660	ataxia-telangiectasia	152	173	D001260
9439660	telangiectasia	159	173	D013684
9439660	syndrome	256	264	D013577
9439660	malignancy	381	391	D009369
9439660	cancer	470	476	D009369
9439660	can	1059	1062	C567382
9439660	cancers	1221	1228	D009369
9439660	tumor	1301	1306	D009369
9443866	Ataxia	0	6	D001259
9443866	Ataxia-telangiectasia	0	21	D001260
9443866	telangiectasia	7	21	D013684
9443866	diseases	197	205	D004194
9443866	diseases	197	205	C
9443866	breast cancer	215	228	D001943
9443866	cancer	222	228	D009369
9443866	ataxia	309	315	D001259
9443866	ataxia-telangiectasia	309	330	D001260
9443866	telangiectasia	316	330	D013684
9443866	all	642	645	D054198
9448273	tumor	22	27	D009369
9448273	tumor	147	152	D009369
9448273	cancer	219	225	D009369
9448273	syndrome	226	234	D013577
9448273	renal cell carcinomas	267	288	D002292
9448273	carcinomas	278	288	D002277
9448273	RCC	290	293	D002292
9448273	hemangioblastomas	305	322	D018325
9448273	RCC	343	346	D002292
9448273	cancer	571	577	D009369
9448273	RCC	738	741	D002292
9448273	cancer	742	748	D009369
9448273	RCC	851	854	D002292
9448273	tumor	1200	1205	D009369
9448273	tumor	1304	1309	D009369
9450866	Piebaldism	0	10	D016116
9450866	deafness	16	24	D003638
9450866	syndrome	61	69	D013577
9450866	piebaldism	122	132	D016116
9450866	deafness	171	179	D003638
9450866	spotting	396	404	D008796
9450866	deafness	431	439	D003638
9450866	piebaldism	464	474	D016116
9450866	deafness	514	522	D003638
9450866	piebaldism	584	594	D016116
9450866	piebaldism	675	685	D016116
9450866	Waardenburg syndrome	711	731	D014849
9450866	syndrome	723	731	D013577
9457913	epidermolysis bullosa	170	191	D004820
9457913	epidermolysis bullosa	235	256	D004820
9457913	epidermolysis bullosa	479	500	D004820
9457913	was	1278	1281	D014923
9457913	can	1812	1815	C567382
9457913	can	1931	1934	C567382
9457914	epidermolysis bullosa	90	111	D004820
9457914	epidermolysis bullosa	201	222	D004820
9457914	junctional epidermolysis bullosa	252	284	D016109
9457914	epidermolysis bullosa	263	284	D004820
9457914	patchy alopecia	331	346	C531609
9457914	alopecia	338	346	D000505
9457914	epidermolysis bullosa	552	573	D004820
9457914	was	1071	1074	D014923
9457914	Eco	1130	1133	C567210
9457914	All	1141	1144	D054198
9463309	was	474	477	D014923
9463309	was	538	541	D014923
9463309	included	542	550	C565249
9463309	included	542	550	609006
9463309	included	542	550	C566169
9463309	included	542	550	C566910
9463309	included	542	550	D029424
9463309	included	542	550	606346
9463309	included	542	550	C563526
9463309	Hp2	784	787	C536415
9463309	Hp2	900	903	C536415
9463309	Hp2	909	912	C536415
9463309	Hp2	937	940	C536415
9463309	Hp1	947	950	C536414
9463309	Hp2	951	954	C536415
9463309	Hp2	1007	1010	C536415
9463309	Hp2	1016	1019	C536415
9463309	Hp1	1053	1056	C536414
9463309	Hp1	1061	1064	C536414
9463309	Hp1	1140	1143	C536414
9463309	Hp2	1149	1152	C536415
9463309	Hp2	1350	1353	C536415
9463309	Hp1	1404	1407	C536414
9463309	was	1414	1417	D014923
9463309	was	1437	1440	D014923
9463309	Hp1	1501	1504	C536414
9463309	Hp2	1594	1597	C536415
9463309	Hp2	1619	1622	C536415
9463309	was	1629	1632	D014923
9463309	all	1651	1654	D054198
9463314	ataxia	32	38	D001259
9463314	ataxia-telangiectasia	32	53	D001260
9463314	telangiectasia	39	53	D013684
9463314	leukemia	126	134	D007938
9463314	lymphoma	136	144	D008223
9463314	breast cancer	150	163	D001943
9463314	cancer	157	163	D009369
9463314	ataxia	220	226	D001259
9463314	ataxia-telangiectasia	220	241	D001260
9463314	telangiectasia	227	241	D013684
9463314	breast cancer	613	626	D001943
9463314	cancer	620	626	D009369
9463314	leukemia	1009	1017	D007938
9463314	lymphoma	1019	1027	D008223
9463314	Hodgkin lymphoma	1066	1082	D006689
9463314	lymphoma	1074	1082	D008223
9463314	all	1250	1253	D054198
9463318	myotonic dystrophy	35	53	D009223
9463318	myotonic dystrophy	318	336	D009223
9463318	all	645	648	D054198
9463318	was	886	889	D014923
9463318	disease	963	970	D004194
9463318	was	971	974	D014923
9465039	hemochromatosis	4	19	D006432
9465039	hemochromatosis	4	19	D006432
9465039	hemochromatosis	196	211	D006432
9465039	hemochromatosis	196	211	D006432
9465039	HFE	219	222	D006432
9465039	was	312	315	D014923
9465039	HFE	439	442	D006432
9465039	was	594	597	D014923
9465039	HFE	757	760	D006432
9465039	HFE	803	806	D006432
9465039	HFE	951	954	D006432
9465039	HFE	1073	1076	D006432
9465039	HFE	1311	1314	D006432
9465039	HFE	1542	1545	D006432
9465039	HFE	1814	1817	D006432
9465039	hemochromatosis	1995	2010	D006432
9465039	hemochromatosis	1995	2010	D006432
9465301	Angelman syndrome	173	190	D017204
9465301	syndrome	182	190	D013577
9465301	uniparental disomy	255	273	D024182
9467011	Cowden disease	53	67	D006223
9467011	disease	60	67	D004194
9467011	Bannayan-Zonana syndrome	72	96	D006223
9467011	syndrome	88	96	D013577
9467011	hamartoma	102	111	D006222
9467011	syndromes	112	121	D013577
9467011	PTEN	136	140	D006223
9467011	PTEN	178	182	D006223
9467011	was	305	308	D014923
9467011	malignancy	354	364	D009369
9467011	PTEN	374	378	D006223
9467011	kidney cancer	457	470	D007680
9467011	cancer	464	470	D009369
9467011	endometrial carcinomas	521	543	D016889
9467011	carcinomas	533	543	D002277
9467011	malignant melanoma	545	563	D008545
9467011	melanoma	555	563	D008545
9467011	PTEN	598	602	D006223
9467011	was	603	606	D014923
9467011	hamartoma	653	662	D006222
9467011	syndromes	663	672	D013577
9467011	Cowden disease	674	688	D006223
9467011	disease	681	688	D004194
9467011	BZS	727	730	D006223
9467011	Riley-Smith syndrome	745	765	D006223
9467011	syndrome	757	765	D013577
9467011	BZS	827	830	D006223
9467011	was	840	843	D014923
9467011	PTEN	866	870	D006223
9467011	PTEN	882	886	D006223
9467011	PTEN	1121	1125	D006223
9467011	PTEN	1198	1202	D006223
9467011	was	1218	1221	D014923
9467011	PTEN	1521	1525	D006223
9467011	BZS	1575	1578	D006223
9467011	was	1636	1639	D014923
9467011	was	1747	1750	D014923
9467011	BZS	1819	1822	D006223
9467011	BZS	1900	1903	D006223
9467011	was	2068	2071	D014923
9467011	breast disease	2126	2140	D001941
9467011	disease	2133	2140	D004194
9467011	was	2156	2159	D014923
9467011	PTEN	2203	2207	D006223
9467011	was	2344	2347	D014923
9467011	PTEN	2388	2392	D006223
9467011	breast disease	2416	2430	D001941
9467011	disease	2423	2430	D004194
9467011	all	2639	2642	D054198
9472666	C6 deficiency	56	69	C567307
9472666	C6 deficiency	122	135	C567307
9472666	C6D	137	140	C567307
9472666	was	142	145	D014923
9472666	meningococcal meningitis	200	224	D008585
9472666	meningitis	214	224	D008581
9472666	C6D	272	275	C567307
9472666	meningitis	300	310	D008581
9472666	infection	331	340	D007239
9472666	was	531	534	D014923
9472666	C6D	720	723	C567307
9482572	aniridia	69	77	D015783
9482572	Peters anomaly	120	134	C537884
9482572	cataracts	152	161	D002386
9482572	autosomal dominant	168	186	C566739
9482572	keratitis	187	196	D007634
9482572	aniridia	295	303	D015783
9482572	all	756	759	D054198
9497246	breast cancer	78	91	D001943
9497246	cancer	85	91	D009369
9497246	Breast Cancer	106	119	D001943
9497246	Cancer	113	119	D009369
9497246	breast cancer	189	202	D001943
9497246	cancer	196	202	D009369
9497246	was	203	206	D014923
9497246	breast cancer	299	312	D001943
9497246	cancer	306	312	D009369
9497246	Breast Cancer	331	344	D001943
9497246	Cancer	338	344	D009369
9497246	included	379	387	C565249
9497246	included	379	387	609006
9497246	included	379	387	C566169
9497246	included	379	387	C566910
9497246	included	379	387	D029424
9497246	included	379	387	606346
9497246	included	379	387	C563526
9497246	cancers	441	448	D009369
9497246	disease	459	466	D004194
9497246	was	467	470	D014923
9497246	ovarian cancer	688	702	D010051
9497246	cancer	696	702	D009369
9497246	breast cancer	826	839	D001943
9497246	cancer	833	839	D009369
9497246	was	925	928	D014923
9497246	breast cancer	981	994	D001943
9497246	cancer	988	994	D009369
9497246	disease	1183	1190	D004194
9497246	was	1391	1394	D014923
9497246	was	1473	1476	D014923
9497246	all	1548	1551	D054198
9497246	breast cancer	1616	1629	D001943
9497246	cancer	1623	1629	D009369
9497246	ovarian cancer	1736	1750	D010051
9497246	cancer	1744	1750	D009369
9497246	breast cancer	1863	1876	D001943
9497246	cancer	1870	1876	D009369
9497246	was	1934	1937	D014923
9506545	autosomal dominant	54	72	C566739
9506545	cerebellar ataxia	73	90	D002524
9506545	ataxia	84	90	D001259
9506545	autosomal dominant	259	277	C566739
9506545	cerebellar ataxias	278	296	D002524
9506545	ataxias	289	296	D001259
9506545	spinocerebellar ataxias	304	327	D020754
9506545	ataxias	320	327	D001259
9506545	SCA1	337	341	D020754
9506545	SCA2	351	355	D020754
9506545	SCA3	369	373	D017827
9506545	Machado-Joseph disease	374	396	D017827
9506545	Joseph disease	382	396	D017827
9506545	disease	389	396	D004194
9506545	MJD	398	401	D017827
9506545	SCA1	416	420	D020754
9506545	was	440	443	D014923
9506545	hypermetria	482	493	D002524
9506545	was	519	522	D014923
9506545	SCA2	537	541	D020754
9506545	was	560	563	D014923
9506545	was	625	628	D014923
9506545	was	651	654	D014923
9506545	disease	692	699	D004194
9506545	was	802	805	D014923
9506545	SCA3	816	820	D017827
9506545	was	844	847	D014923
9506545	was	865	868	D014923
9506545	was	912	915	D014923
9506545	SCA1	1081	1085	D020754
9506545	SCA2	1098	1102	D020754
9506545	SCA3	1133	1137	D017827
9506545	SCA1	1228	1232	D020754
9506545	SCA2	1234	1238	D020754
9506545	SCA3	1244	1248	D017827
9506545	diseases	1281	1289	D004194
9506545	diseases	1281	1289	C
9521325	idiopathic ventricular fibrillation	42	77	C537182
9521325	ventricular fibrillation	53	77	D014693
9521325	Ventricular fibrillation	79	103	D014693
9521325	idiopathic ventricular fibrillation	328	363	C537182
9521325	ventricular fibrillation	339	363	D014693
9521325	sudden death	552	564	D003645
9521325	death	559	564	D003643
9521325	SCN5	813	817	615285
9521325	SCN5	939	943	615285
9521421	mucopolysaccharidosis	27	48	D009083
9521421	IVA	49	52	C538167
9521421	Mucopolysaccharidosis	173	194	D009083
9521421	IVA	195	198	C538167
9521421	MPS IVA	200	207	D009085
9521421	IVA	204	207	C538167
9521421	MPS IVA	476	483	D009085
9521421	IVA	480	483	C538167
9521421	MPS IVA	593	600	D009085
9521421	IVA	597	600	C538167
9521421	MPS IVA	1889	1896	D009085
9521421	IVA	1893	1896	C538167
9529364	WT1	33	36	D009396
9529364	isolated diffuse mesangial sclerosis	65	101	C537346
9529364	diffuse mesangial sclerosis	74	101	C537346
9529364	sclerosis	92	101	D012598
9529364	WT1	227	230	D009396
9529364	Denys-Drash syndrome	356	376	D030321
9529364	Drash syndrome	362	376	D030321
9529364	syndrome	368	376	D013577
9529364	DDS	378	381	D030321
9529364	diffuse mesangial sclerosis	387	414	C537346
9529364	sclerosis	405	414	D012598
9529364	pseudohermaphroditism	437	458	D012734
9529364	Wilms tumor	466	477	D009396
9529364	tumor	472	477	D009369
9529364	DDS	502	505	D030321
9529364	DDS	704	707	D030321
9529364	urogenital abnormalities	720	744	D014564
9529364	WT1	766	769	D009396
9529364	WT1	883	886	D009396
9529364	DDS	996	999	D030321
9529364	WT1	1013	1016	D009396
9529364	disease	1114	1121	D004194
9529364	WT1	1206	1209	D009396
9536083	ovarian cancer	208	222	D010051
9536083	cancer	216	222	D009369
9536083	All	254	257	D054198
9536083	was	749	752	D014923
9536083	ovarian cancer	936	950	D010051
9536083	cancer	944	950	D009369
9546397	hemochromatosis	25	40	D006432
9546397	hemochromatosis	25	40	D006432
9546397	HFE	49	52	D006432
9546397	HFE	120	123	D006432
9546397	iron-overload	173	186	D019190
9546397	disease	187	194	D004194
9546397	disease hereditary	187	205	D030342
9546397	hemochromatosis	206	221	D006432
9546397	hemochromatosis	206	221	D006432
9546397	HFE	223	226	D006432
9546397	HFE	329	332	D006432
9546397	HFE	385	388	D006432
9546397	hemochromatosis	414	429	D006432
9546397	hemochromatosis	414	429	D006432
9546397	HFE	560	563	D006432
9546397	HFE	671	674	D006432
9546397	HFE	789	792	D006432
9546397	HFE	856	859	D006432
9554743	Wilson disease	111	125	D006527
9554743	disease	118	125	D004194
9554743	Wilson disease	277	291	D006527
9554743	disease	284	291	D004194
9554743	was	358	361	D014923
9554743	was	559	562	D014923
9554743	Wilson disease	748	762	D006527
9554743	disease	755	762	D004194
9563950	myotonic dystrophy	61	79	D009223
9563950	Myotonic dystrophy	81	99	D009223
9563950	was	524	527	D014923
9563950	was	655	658	D014923
9580132	neurohypophyseal diabetes insipidus	149	184	D020790
9580132	diabetes insipidus	166	184	D003919
9580132	neurohypophyseal diabetes insipidus	195	230	D020790
9580132	diabetes insipidus	212	230	D003919
9580132	autosomal dominant	244	262	C566739
9580132	disease	263	270	D004194
9580132	was	1060	1063	D014923
9580132	all	1076	1079	D054198
9585583	Saethre-Chotzen syndrome	25	49	D000168
9585583	Chotzen syndrome	33	49	D000168
9585583	syndrome	41	49	D013577
9585583	Saethre-Chotzen syndrome	131	155	D000168
9585583	Chotzen syndrome	139	155	D000168
9585583	syndrome	147	155	D013577
9585583	autosomal dominant	166	184	C566739
9585583	craniosynostosis	198	214	D003398
9585583	was	444	447	D014923
9585583	Saethre-Chotzen syndrome	561	585	D000168
9585583	Chotzen syndrome	569	585	D000168
9585583	syndrome	577	585	D013577
9585583	synostosis	853	863	D013580
9585583	brachycephaly	865	878	D003398
9585583	facial asymmetry	902	918	D005146
9585583	hypertelorism	928	941	D006972
9585583	syndromes	1271	1280	D013577
9585605	Angelman syndrome	30	47	D017204
9585605	syndrome	39	47	D013577
9585605	Angelman syndrome	58	75	D017204
9585605	syndrome	67	75	D013577
9585605	uniparental disomy	157	175	D024182
9585605	was	601	604	D014923
9585605	was	635	638	D014923
9585605	was	666	669	D014923
9585605	was	944	947	D014923
9585606	hemochromatosis	4	19	D006432
9585606	hemochromatosis	4	19	D006432
9585606	Hemochromatosis	96	111	D006432
9585606	Hemochromatosis	96	111	D006432
9585606	iron overload	192	205	D019190
9585606	death	220	225	D003643
9585606	hemochromatosis	231	246	D006432
9585606	hemochromatosis	231	246	D006432
9585606	HFE	253	256	D006432
9585606	hemochromatosis	473	488	D006432
9585606	hemochromatosis	473	488	D006432
9585606	was	918	921	D014923
9585606	was	999	1002	D014923
9585606	was	1184	1187	D014923
9585606	was	1348	1351	D014923
9585606	was	1436	1439	D014923
9585606	was	1517	1520	D014923
9585611	adenomatous polyposis coli	46	72	D011125
9585611	polyposis coli	58	72	D011125
9585611	tumor	101	106	D009369
9585611	APC	118	121	D011125
9585611	adenomatous polyposis coli	151	177	D011125
9585611	polyposis coli	163	177	D011125
9585611	familial adenomatous polyposis	199	229	D011125
9585611	FAP	231	234	C567782
9585611	adenomas	291	299	D000236
9585611	colorectal cancer	321	338	D015179
9585611	cancer	332	338	D009369
9585611	was	379	382	D014923
9585611	APC	515	518	D011125
9585611	was	524	527	D014923
9585611	APC	653	656	D011125
9585611	APC	759	762	D011125
9585611	adenomas	910	918	D000236
9585611	was	919	922	D014923
9585611	adenomas	1132	1140	D000236
9585611	was	1240	1243	D014923
9585611	all	1256	1259	D054198
9585611	adenomas	1316	1324	D000236
9585611	polyp	1336	1341	D011127
9585611	was	1350	1353	D014923
9585611	desmoid tumors	1367	1381	D018222
9585611	tumors	1375	1381	D009369
9585611	APC	1473	1476	D011125
9585611	FAP	1631	1634	C567782
9590178	Wilms' tumor	0	12	D009396
9590178	Wilms' tumor 1	0	14	D009396
9590178	tumor	7	12	D009369
9590178	Wilms tumor	146	157	D009396
9590178	Wilms tumor 1	146	159	D009396
9590178	tumor	152	157	D009369
9590178	WT1	161	164	D009396
9590178	WT1	406	409	D009396
9590178	KTS	411	414	D007715
9590178	WT1	498	501	D009396
9590178	male pseudohermaphroditism	538	564	D058490
9590178	pseudohermaphroditism	543	564	D012734
9590178	Denys-Drash syndrome	568	588	D030321
9590178	Drash syndrome	574	588	D030321
9590178	syndrome	580	588	D013577
9590178	dosage-sensitive sex-reversal	657	686	C535601
9590178	WT1	737	740	D009396
9590178	WT1	810	813	D009396
9590284	Prader-Willi syndrome	18	39	D011218
9590284	syndrome	31	39	D013577
9590284	syndrome imprinting	31	50	D000096803
9590284	Prader-Willi syndrome	283	304	D011218
9590284	syndrome	296	304	D013577
9590284	PWS	306	309	D011218
9590284	PWS	373	376	D011218
9590284	PWS	546	549	D011218
9590284	PWS	617	620	D011218
9590284	PWS	754	757	D011218
9600235	ataxia	47	53	D001259
9600235	ataxia-telangiectasia	47	68	D001260
9600235	telangiectasia	54	68	D013684
9600235	disease	290	297	D004194
9600235	ataxia	298	304	D001259
9600235	ataxia-telangiectasia	298	319	D001260
9600235	telangiectasia	305	319	D013684
9600235	disease	359	366	D004194
9600235	was	568	571	D014923
9600235	all	1244	1247	D054198
9600235	was	1415	1418	D014923
9603435	gangliosidosis	139	153	D005733
9603435	Tay-Sachs disease	285	302	D013661
9603435	disease	295	302	D004194
9603435	TSD	304	307	D013661
9603435	gangliosidosis	345	359	D005733
9603435	gangliosidosis	744	758	D005733
9603435	disease	838	845	D004194
9603435	was	1001	1004	D014923
9603435	was	1102	1105	D014923
9603435	was	1160	1163	D014923
9603435	was	1281	1284	D014923
9603435	was	1308	1311	D014923
9603435	TSD	1470	1473	D013661
9603435	was	1535	1538	D014923
9618166	Pendred syndrome	35	51	C536648
9618166	syndrome	43	51	D013577
9618166	Pendred syndrome	53	69	C536648
9618166	syndrome	61	69	D013577
9618166	deafness	138	146	D003638
9618166	goiter	151	157	D006042
9618166	syndrome	196	204	D013577
9618166	disease	229	236	D004194
9618166	PDS	243	246	C563184
9618166	PDS	243	246	C536648
9618166	was	248	251	D014923
9618166	PDS	386	389	C563184
9618166	PDS	386	389	C536648
9618166	all	480	483	D054198
9618166	was	628	631	D014923
9618166	was	801	804	D014923
9618166	PDS	1132	1135	C563184
9618166	PDS	1132	1135	C536648
9618166	Pendred syndrome	1189	1205	C536648
9618166	syndrome	1197	1205	D013577
9618170	DMD	57	60	D020388
9618170	X-linked dilated cardiomyopathy	77	108	C580047
9618170	dilated cardiomyopathy	86	108	D002311
9618170	cardiomyopathy	94	108	D009202
9618170	X-linked dilated cardiomyopathy	110	141	C580047
9618170	dilated cardiomyopathy	119	141	D002311
9618170	cardiomyopathy	127	141	D009202
9618170	myopathy	301	309	D009135
9618170	Duchenne muscular dystrophy	345	372	D020388
9618170	muscular dystrophy	354	372	D009136
9618170	DMD	379	382	D020388
9618170	DMD	495	498	D020388
9618170	DMD	646	649	D020388
9618170	was	726	729	D014923
9618170	DMD	1079	1082	D020388
9620771	obesity	19	26	D009765
9620771	adrenal insufficiency	28	49	D000309
9620771	obesity	702	709	D009765
9620771	obesity	821	828	D009765
9620771	obesity	1001	1008	D009765
9620771	was	1179	1182	D014923
9620771	was	1344	1347	D014923
9620771	obesity	1583	1590	D009765
9620771	adrenal insufficiency	1592	1613	D000309
9634518	phenylalanine hydroxylase deficiency	32	68	D010661
9634518	Phenylketonuria	177	192	D010661
9634518	PKU	194	197	D010661
9634518	PAH deficiency	413	427	D010661
9634518	was	913	916	D014923
9634518	was	1123	1126	D014923
9634518	PAH deficiency	1442	1456	D010661
9668171	myotonic dystrophy	65	83	D009223
9668171	myotonic dystrophy	324	342	D009223
9668171	genetic diseases	667	683	D030342
9668171	diseases	675	683	D004194
9668171	diseases	675	683	C
9671401	retinoblastoma	45	59	D012175
9671401	tumor	105	110	D009369
9671401	RB1	213	216	D012175
9671401	retinoblastoma	282	296	D012175
9671401	tumors	365	371	D009369
9671401	was	512	515	D014923
9671401	all	708	711	D054198
9671401	tumors	800	806	D009369
9671401	RB1	952	955	D012175
9674903	Prader-Willi syndrome	20	41	D011218
9674903	syndrome	33	41	D013577
9674903	uniparental disomy	146	164	D024182
9674903	Prader-Willi syndrome	237	258	D011218
9674903	syndrome	250	258	D013577
9674903	PWS	260	263	D011218
9674903	PWS	320	323	D011218
9674903	PWS	534	537	D011218
9674903	was	539	542	D014923
9674903	was	728	731	D014923
9674903	PWS	864	867	D011218
9674903	was	938	941	D014923
9674903	PWS	961	964	D011218
9674903	was	1219	1222	D014923
9674903	Uniparental disomy	1542	1560	D024182
9674903	PWS	1722	1725	D011218
9674903	PWS	1838	1841	D011218
9674906	Schwartz-Jampel syndrome	0	24	D010009
9674906	Schwartz-Jampel syndrome type 2	0	31	C537502
9674906	syndrome	16	24	D013577
9674906	Stuve-Wiedemann syndrome	36	60	C537502
9674906	Wiedemann syndrome	42	60	D001506
9674906	syndrome	52	60	D013577
9674906	Schwartz-Jampel syndrome	180	204	D010009
9674906	syndrome	196	204	D013577
9674906	SJS	206	209	D010009
9674906	myotonia	214	222	D009222
9674906	SJS	263	266	D010009
9674906	Stuve-Wiedemann syndrome	335	359	C537502
9674906	Wiedemann syndrome	341	359	D001506
9674906	syndrome	351	359	D013577
9674906	SWS	361	364	D013341
9674906	SWS	361	364	C537502
9674906	contractures	428	440	D003286
9674906	death	452	457	D003643
9674906	SJS	621	624	D010009
9674906	SWS	665	668	D013341
9674906	SWS	665	668	C537502
9674906	SJS	729	732	D010009
9674906	SWS	736	739	D013341
9674906	SWS	736	739	C537502
9674906	contractures	838	850	D003286
9674906	hyperthermia	902	914	D000084462
9674906	death	929	934	D003643
9674906	bone dysplasia	1206	1220	D001848
9674906	SJS	1251	1254	D010009
9674906	SWS	1272	1275	D013341
9674906	SWS	1272	1275	C537502
9674906	SWS	1365	1368	D013341
9674906	SWS	1365	1368	C537502
9674906	SJS	1373	1376	D010009
9689113	von Willebrand disease	24	46	D014842
9689113	disease	39	46	D004194
9689113	thrombosis	74	84	D013927
9689113	von Willebrand disease	139	161	D014842
9689113	disease	154	161	D004194
9689113	disease	209	216	D004194
9689113	bleeding	542	550	D006470
9689113	bleeding	572	580	D006470
9689113	disease	638	645	D004194
9689113	was	683	686	D014923
9689113	thrombosis	769	779	D013927
9689113	was	795	798	D014923
9689113	vascular injury	835	850	D057772
9689113	injury	844	850	D014947
9689113	was	894	897	D014923
9689113	was	986	989	D014923
9689113	von Willebrand disease	1085	1107	D014842
9689113	disease	1100	1107	D004194
9689113	disease	1194	1201	D004194
9700175	ovarian cancer	47	61	D010051
9700175	cancer	55	61	D009369
9700175	Ovarian Cancer	74	88	D010051
9700175	Cancer	82	88	D009369
9700175	ovarian cancer	211	225	D010051
9700175	cancer	219	225	D009369
9700175	ovarian cancer	263	277	D010051
9700175	cancer	271	277	D009369
9700175	ovarian cancer	364	378	D010051
9700175	cancer	372	378	D009369
9700175	ovarian cancer	427	441	D010051
9700175	cancer	435	441	D009369
9700175	All	504	507	D054198
9700175	ovarian cancer	925	939	D010051
9700175	cancer	933	939	D009369
9700175	was	992	995	D014923
9700175	was	1151	1154	D014923
9700175	ovarian cancer	1244	1258	D010051
9700175	cancer	1252	1258	D009369
9700175	ovarian cancer	1528	1542	D010051
9700175	cancer	1536	1542	D009369
9702690	adrenoleukodystrophy	23	43	D000326
9702690	adrenoleukodystrophy	163	183	D000326
9702690	ALD	185	188	D000326
9702690	ALD	242	245	D000326
9702690	was	340	343	D014923
9702690	ALD	511	514	D000326
9702690	was	561	564	D014923
9702690	was	666	669	D014923
9702690	disease	714	721	D004194
9702690	image	757	762	C564543
9702690	demyelination	1079	1092	D003711
9702690	ALD	1194	1197	D000326
9702690	was	1305	1308	D014923
9702690	ALD	1407	1410	D000326
9702690	can	1525	1528	C567382
9702690	ALD	1703	1706	D000326
9703418	C9 deficiency	98	111	C565165
9703418	complement deficiency	191	212	D000081208
9703418	C9 deficiency	288	301	C565165
9703418	meningococcal meningitis	363	387	D008585
9703418	meningitis	377	387	D008581
9703418	all	683	686	D054198
9703418	C9 deficiency	882	895	C565165
9703501	ovarian cancer	88	102	D010051
9703501	cancer	96	102	D009369
9703501	Rad	241	244	C535729
9705283	aniridia	425	433	D015783
9705283	Peters anomaly	435	449	C537884
9705283	autosomal dominant	451	469	C566739
9705283	keratitis	470	479	D007634
9705283	aniridia	592	600	D015783
9705283	Aniridia	757	765	D015783
9705283	dissociation	1296	1308	D004213
9705283	aniridia	1524	1532	D015783
9709714	hypertrophic cardiomyopathy	19	46	D002312
9709714	cardiomyopathy	32	46	D009202
9709714	very-long-chain acyl-coenzyme A dehydrogenase deficiency	89	145	C536353
9709714	VLCAD) deficiency	194	211	C536353
9709714	VLCAD) deficiency	194	211	C536353
9709714	VLCAD deficiency	364	380	C536353
9709714	VLCAD deficiency	364	380	C536353
9709714	was	385	388	D014923
9709714	hypertrophic cardiomyopathy	431	458	D002312
9709714	cardiomyopathy	444	458	D009202
9709714	hepatomegaly	460	472	D006529
9709714	encephalopathy	474	488	D001927
9709714	hypotonia	494	503	D009123
9709714	VLCAD deficiency	535	551	C536353
9709714	VLCAD deficiency	535	551	C536353
9709714	hypertrophy	934	945	D006984
9709714	VLCAD deficiency	1061	1077	C536353
9709714	VLCAD deficiency	1061	1077	C536353
9709714	cardiomyopathy	1149	1163	D009202
9714764	was	120	123	D014923
9714764	insulin-dependent diabetes mellitus	171	206	D003922
9714764	diabetes mellitus	189	206	D003920
9714764	IDDM	208	212	D003922
9714764	IDDM	220	224	D003922
9714764	IDDM4	220	225	C563959
9724771	APC	4	7	D011125
9724771	colorectal tumors	55	72	D015179
9724771	tumors	66	72	D009369
9724771	familial adenomatous polyposis	122	152	D011125
9724771	FAP	154	157	C567782
9724771	autosomal dominant	180	198	C566739
9724771	disease	199	206	D004194
9724771	adenomas	263	271	D000236
9724771	carcinoma	276	285	D002277
9724771	APC	336	339	D011125
9724771	FAP	359	362	C567782
9724771	adenomatous polyposis coli	377	403	D011125
9724771	polyposis coli	389	403	D011125
9724771	APC	474	477	D011125
9724771	adenomatous polyposis coli	495	521	D011125
9724771	polyposis coli	507	521	D011125
9724771	adenomas	560	568	D000236
9724771	FAP	638	641	C567782
9724771	adenomas	683	691	D000236
9724771	APC	716	719	D011125
9724771	APC	865	868	D011125
9724771	was	878	881	D014923
9724771	colorectal tumors	926	943	D015179
9724771	tumors	937	943	D009369
9724771	adenomas	964	972	D000236
9724771	adenomas	1052	1060	D000236
9724771	carcinoma	1068	1077	D002277
9724771	APC	1126	1129	D011125
9724771	APC	1296	1299	D011125
9724771	was	1305	1308	D014923
9724771	polyps	1404	1410	D011127
9724771	APC	1502	1505	D011125
9724771	adenomas	1569	1577	D000236
9724771	carcinoma	1582	1591	D002277
9724771	FAP	1639	1642	C567782
9724771	colorectal cancer	1677	1694	D015179
9724771	cancer	1688	1694	D009369
9729124	congenital chloride diarrhea	31	59	C536210
9729124	diarrhea	51	59	D003967
9729124	Congenital chloride diarrhea	72	100	C536210
9729124	diarrhea	92	100	D003967
9729124	All	314	317	D054198
9729124	was	527	530	D014923
9729124	disease	780	787	D004194
9729124	Pendred syndrome	971	987	C536648
9729124	syndrome	979	987	D013577
9729124	PDS	994	997	C563184
9729124	PDS	994	997	C536648
9731533	cancer	25	31	D009369
9731533	APC	96	99	D011125
9731533	familial adenomatous polyposis	132	162	D011125
9731533	FAP	164	167	C567782
9731533	autosomal dominant	189	207	C566739
9731533	intestinal polyps	243	260	D007417
9731533	polyps	254	260	D011127
9731533	colorectal cancer	316	333	D015179
9731533	cancer	327	333	D009369
9731533	CRC	335	338	D015179
9731533	APC	341	344	D011125
9731533	APC	463	466	D011125
9731533	was	619	622	D014923
9731533	CRC	741	744	D015179
9731533	cancer	789	795	D009369
9731533	cancers	909	916	D009369
9733027	Friedreich ataxia	24	41	C565561
9733027	Friedreich ataxia	24	41	D005621
9733027	ataxia	35	41	D001259
9733027	FRDA	113	117	C565561
9733027	Friedreich ataxia	124	141	C565561
9733027	Friedreich ataxia	124	141	D005621
9733027	ataxia	135	141	D001259
9733027	FRDA	225	229	C565561
9733027	all	810	813	D054198
9744473	metachromatic leukodystrophy	53	81	D007966
9744473	metachromatic leukodystrophy	143	171	D007966
9744473	MLD	173	176	D007966
9744473	MLD	227	230	D007966
9744473	was	290	293	D014923
9744473	MLD	320	323	D007966
9744473	was	580	583	D014923
9744473	MLD	750	753	D007966
9770531	renal cell carcinoma	56	76	D002292
9770531	carcinoma	67	76	D002277
9770531	carcinogenesis	195	209	D063646
9770531	renal cell carcinoma	219	239	D002292
9770531	carcinoma	230	239	D002277
9770531	was	525	528	D014923
9770531	renal cell carcinoma	750	770	D002292
9770531	carcinoma	761	770	D002277
9770531	cancers	1178	1185	D009369
9770531	cancer	1358	1364	D009369
9771706	diabetes mellitus	68	85	D003920
9771706	optic atrophy	90	103	D009896
9771706	atrophy	96	103	D001284
9771706	Wolfram syndrome	105	121	D014929
9771706	syndrome	113	121	D013577
9771706	Wolfram syndrome	124	140	D014929
9771706	syndrome	132	140	D013577
9771706	WFS	142	145	D014929
9771706	neurodegenerative disorder	186	212	D019636
9771706	insulin-dependent diabetes mellitus	247	282	D003922
9771706	diabetes mellitus	265	282	D003920
9771706	optic atrophy	299	312	D009896
9771706	atrophy	305	312	D001284
9771706	was	350	353	D014923
9771706	disease	423	430	D004194
9771706	WFS	458	461	D014929
9771706	was	467	470	D014923
9771706	WFS	548	551	D014929
9771706	WFS1	548	552	D014929
9771706	all	610	613	D054198
9771706	WFS	642	645	D014929
9771706	disease	701	708	D004194
9771706	WFS	720	723	D014929
9771706	WFS1	720	724	D014929
9774970	tumor	63	68	D009369
9774970	ovarian cancer	194	208	D010051
9774970	cancer	202	208	D009369
9774970	RAD	473	476	C535729
9774970	ovarian cancer	859	873	D010051
9774970	cancer	867	873	D009369
9790667	was	190	193	D014923
9790667	cerebrotendinous xanthomatosis	269	299	D019294
9790667	xanthomatosis	286	299	D014973
9790667	CTX	301	304	D019294
9790667	was	418	421	D014923
9790667	was	1108	1111	D014923
9792409	ataxia	36	42	D001259
9792409	ataxia-telangiectasia	36	57	D001260
9792409	telangiectasia	43	57	D013684
9792409	ataxia	180	186	D001259
9792409	ataxia-telangiectasia	180	201	D001260
9792409	telangiectasia	187	201	D013684
9792409	was	929	932	D014923
9792409	was	1036	1039	D014923
9792409	All	1492	1495	D054198
9792860	Alport syndrome	109	124	D009394
9792860	syndrome	116	124	D013577
9792860	Alport syndrome	146	161	D009394
9792860	syndrome	153	161	D013577
9792860	glomerulonephritis	189	207	D005921
9792860	Alport syndrome	736	751	D009394
9792860	syndrome	743	751	D013577
9792860	all	909	912	D054198
9792861	ovarian cancer	64	78	D010051
9792861	cancer	72	78	D009369
9792861	breast cancer	138	151	D001943
9792861	cancer	145	151	D009369
9792861	breast cancer	210	223	D001943
9792861	cancer	217	223	D009369
9792861	ovarian cancer	235	249	D010051
9792861	cancer	243	249	D009369
9792861	cancer	355	361	D009369
9792861	was	540	543	D014923
9792861	was	764	767	D014923
9792861	ovarian cancer	807	821	D010051
9792861	cancer	815	821	D009369
9792861	was	912	915	D014923
9792861	breast cancer	967	980	D001943
9792861	cancer	974	980	D009369
9792861	breast cancer	1029	1042	D001943
9792861	cancer	1036	1042	D009369
9792861	was	1066	1069	D014923
9792861	breast cancer	1453	1466	D001943
9792861	cancer	1460	1466	D009369
9792861	ovarian cancer	1478	1492	D010051
9792861	cancer	1486	1492	D009369
9800909	cognitive impairment	56	76	D060825
9800909	Duchenne muscular dystrophy	80	107	D020388
9800909	muscular dystrophy	89	107	D009136
9800909	Duchenne muscular dystrophy	205	232	D020388
9800909	muscular dystrophy	214	232	D009136
9800909	DMD	234	237	D020388
9800909	cognitive impairment	288	308	D060825
9800909	DMD	326	329	D020388
9800909	was	381	384	D014923
9800909	DMD	481	484	D020388
9800909	cognitive impairment	912	932	D060825
9800909	DMD	1168	1171	D020388
9800909	cognitive impairment	1226	1246	D060825
9800909	DMD	1263	1266	D020388
9831355	APC	7	10	D011125
9831355	colorectal cancer	84	101	D015179
9831355	cancer	95	101	D009369
9831355	colorectal cancer	158	175	D015179
9831355	cancer	169	175	D009369
9831355	APC	270	273	D011125
9831355	colorectal cancer	325	342	D015179
9831355	cancer	336	342	D009369
9831355	cancer	622	628	D009369
9843038	hereditary coproporphyria	65	90	D046349
9843038	coproporphyria	76	90	C535469
9843038	Hereditary coproporphyria	99	124	D046349
9843038	coproporphyria	110	124	C535469
9843038	HCP	126	129	D046349
9843038	autosomal dominant	137	155	C566739
9843038	disease	156	163	D004194
9843038	HCP	320	323	D046349
9843038	TIC	907	910	D020323
9843038	TIC	931	934	D020323
9843038	TIC	949	952	D020323
9843038	TIC	965	968	D020323
9848786	complement factor H deficiency	6	36	C562875
9848786	factor H deficiency	17	36	C562875
9848786	hemolytic uremic syndrome	53	78	D006463
9848786	syndrome	70	78	D013577
9848786	disease	216	223	D004194
9848786	hemolytic uremic syndrome	296	321	D006463
9848786	syndrome	313	321	D013577
9848786	FHL	520	523	D051359
9848786	FHL-1	520	525	D051359
9848786	Factor H deficiency	891	910	C562875
9848786	complement deficiency	923	944	D000081208
9852676	myotonic dystrophy	57	75	D009223
9852676	myotonic dystrophy	144	162	D009223
9852676	ataxia	1277	1283	D001259
9856498	C6 deficiency	23	36	C567307
9856498	Meningococcal disease	210	231	D008589
9856498	disease	224	231	D004194
9856498	all	266	269	D054198
9856498	C6 deficiency	289	302	C567307
9856498	disease	353	360	D004194
9856498	was	844	847	D014923
9856498	all	1027	1030	D054198
9856499	C7 deficiency	11	24	C566443
9856499	C7 deficiency	131	144	C566443
9856499	All	160	163	D054198
9856499	All	385	388	D054198
9861003	bipolar affective disorder	105	131	C567075
9861003	bipolar affective disorder	105	131	C567530
9861003	bipolar affective disorder	105	131	C565111
9861003	bipolar affective disorder	105	131	C567074
9861003	bipolar affective disorder	105	131	C564108
9861003	bipolar affective disorder	105	131	C567529
9861003	bipolar affective disorder	105	131	C567073
9861003	bipolar affective disorder	105	131	C567531
9861003	affective disorder	113	131	D019964
9861003	Bipolar affective disorder	159	185	C567075
9861003	Bipolar affective disorder	159	185	C567530
9861003	Bipolar affective disorder	159	185	C565111
9861003	Bipolar affective disorder	159	185	C567074
9861003	Bipolar affective disorder	159	185	C564108
9861003	Bipolar affective disorder	159	185	C567529
9861003	Bipolar affective disorder	159	185	C567073
9861003	Bipolar affective disorder	159	185	C567531
9861003	affective disorder	167	185	D019964
9861003	BPAD	187	191	C567075
9861003	BPAD	187	191	C565111
9861003	BPAD	187	191	C567074
9861003	BPAD	187	191	C564108
9861003	BPAD	187	191	C567073
9861003	manic-depressive illness	193	217	C564108
9861003	mania	251	256	D000087122
9861003	hypomania	264	273	D000087122
9861003	BPAD	409	413	C567075
9861003	BPAD	409	413	C565111
9861003	BPAD	409	413	C567074
9861003	BPAD	409	413	C564108
9861003	BPAD	409	413	C567073
9861003	BPAD	544	548	C567075
9861003	BPAD	544	548	C565111
9861003	BPAD	544	548	C567074
9861003	BPAD	544	548	C564108
9861003	BPAD	544	548	C567073
9861003	BPAD	651	655	C567075
9861003	BPAD	651	655	C565111
9861003	BPAD	651	655	C567074
9861003	BPAD	651	655	C564108
9861003	BPAD	651	655	C567073
9861003	genetic disorders	694	711	D030342
9861003	psychiatric disorder	760	780	D001523
9861003	BPAD	932	936	C567075
9861003	BPAD	932	936	C565111
9861003	BPAD	932	936	C567074
9861003	BPAD	932	936	C564108
9861003	BPAD	932	936	C567073
9861003	BPAD	1484	1488	C567075
9861003	BPAD	1484	1488	C565111
9861003	BPAD	1484	1488	C567074
9861003	BPAD	1484	1488	C564108
9861003	BPAD	1484	1488	C567073
9861003	affective disorders	1515	1534	D019964
9863607	myotonic dystrophy	26	44	D009223
9863607	Myotonic dystrophy	46	64	D009223
9863607	autosomal dominant	76	94	C566739
9863607	disease	95	102	D004194
9863607	infertility	198	209	D007246
9863607	congenital myotonic dystrophy	214	243	D009223
9863607	myotonic dystrophy	225	243	D009223
9863607	all	597	600	D054198
9863607	was	769	772	D014923
9867744	hemochromatosis	13	28	D006432
9867744	hemochromatosis	13	28	D006432
9867744	hemochromatosis	44	59	D006432
9867744	hemochromatosis	44	59	D006432
9867744	can	60	63	C567382
9867744	death	96	101	D003643
9867744	disease	111	118	D004194
9867744	iron overload	452	465	D019190
9867744	cirrhosis	533	542	D005355
9867744	can	550	553	C567382
9867744	HFE	612	615	D006432
9867744	hemochromatosis	682	697	D006432
9867744	hemochromatosis	682	697	D006432
9867744	hemochromatosis	793	808	D006432
9867744	hemochromatosis	793	808	D006432
9867744	disease	869	876	D004194
9867744	hemochromatosis	904	919	D006432
9867744	hemochromatosis	904	919	D006432
9867744	hepatic cirrhosis	927	944	D008103
9867744	cirrhosis	935	944	D005355
9867744	can	981	984	C567382
9867744	chronic disease	999	1014	D002908
9867744	disease	1007	1014	D004194
9867744	can	1019	1022	C567382
9869602	APC	25	28	D011125
9869602	colorectal cancer	98	115	D015179
9869602	cancer	109	115	D009369
9869602	colorectal cancer	204	221	D015179
9869602	cancer	215	221	D009369
9869602	APC	272	275	D011125
9869602	was	289	292	D014923
9869602	colorectal cancer	348	365	D015179
9869602	cancer	359	365	D009369
9869602	colorectal cancer	484	501	D015179
9869602	cancer	495	501	D009369
9869602	neoplasia	636	645	D009369
9869602	colorectal cancer	777	794	D015179
9869602	cancer	788	794	D009369
9869602	was	803	806	D014923
9869602	cancer	947	953	D009369
9869602	was	970	973	D014923
9869602	cancer	1024	1030	D009369
9869602	neoplasia	1048	1057	D009369
9869602	neoplasia	1198	1207	D009369
9869602	APC	1233	1236	D011125
9869602	cancers	1307	1314	D009369
9869602	colorectal cancer	1381	1398	D015179
9869602	cancer	1392	1398	D009369
9888388	hereditary coproporphyria	66	91	D046349
9888388	coproporphyria	77	91	C535469
9888388	Hereditary coproporphyria	113	138	D046349
9888388	coproporphyria	124	138	C535469
9888388	hepatic porphyria	156	173	D017094
9888388	porphyria	164	173	D011164
9888388	autosomal dominant	179	197	C566739
9888388	disease	311	318	D004194
9888388	infectious diseases	450	469	D003141
9888388	diseases	461	469	D004194
9888388	diseases	461	469	C
9888388	photosensitivity	476	492	132100
9888390	metachromatic leukodystrophy	92	120	D007966
9888390	metachromatic leukodystrophy	239	267	D007966
9888390	MLD	269	272	D007966
9888390	MLD	572	575	D007966
9888390	was	1227	1230	D014923
9888390	was	1259	1262	D014923
9888390	MLD	1289	1292	D007966
9888390	MLD	1440	1443	D007966
9888390	MLD	1557	1560	D007966
9888390	disease	1620	1627	D004194
9888390	disease	1880	1887	D004194
9927033	hematological malignancy	37	61	D019337
9927033	malignancy	51	61	D009369
9927033	neurofibromatosis	66	83	D017253
9927033	neurofibromatosis type 1	66	90	D009456
9927033	hereditary nonpolyposis colorectal cancer	166	207	D003123
9927033	colorectal cancer	190	207	D015179
9927033	cancer	201	207	D009369
9927033	disease	213	220	D004194
9927033	disease susceptibility	213	235	D004198
9927033	hereditary nonpolyposis colorectal cancer	352	393	D003123
9927033	colorectal cancer	376	393	D015179
9927033	cancer	387	393	D009369
9927033	hematological malignancy	415	439	D019337
9927033	malignancy	429	439	D009369
9927033	neurofibromatosis	505	522	D017253
9927033	neurofibromatosis type 1	505	529	D009456
9927033	NF1	531	534	D009456
9927033	mismatch repair deficiency	727	753	C536928
9927033	leukemia	802	810	D007938
9927033	lymphoma	818	826	D008223
9927033	neurofibromatosis	843	860	D017253
9927033	neurofibromatosis type 1	843	867	D009456
9931324	aniridia	175	183	D015783
9931324	aniridia	293	301	D015783
9931324	all	341	344	D054198
9931324	aniridia	742	750	D015783
9931324	aniridia	976	984	D015783
9931324	ectopia pupillae	1083	1099	C536185
9931324	congenital nystagmus	1123	1143	D020417
9931324	aniridia	1208	1216	D015783
9931324	all	1241	1244	D054198
9931324	all	1355	1358	D054198
9931324	disease	1563	1570	D004194
993342	was	311	314	D014923
993342	C2 deficiency	453	466	217000
993342	C2 deficiency	512	525	217000
993342	C2 deficiency	603	616	217000
993342	was	699	702	D014923
993342	C2 deficiency	734	747	217000
993342	was	1079	1082	D014923
993342	was	1174	1177	D014923
993342	C2 deficiency	1337	1350	217000
993342	C2 deficiency	1448	1461	217000
993342	C2 deficiency	1489	1502	217000
993342	C2 deficiency	1666	1679	217000
9949197	Emery-Dreifuss muscular dystrophy	68	101	D020389
9949197	muscular dystrophy	83	101	D009136
9949197	Emery-Dreifuss muscular dystrophy	173	206	D020389
9949197	muscular dystrophy	188	206	D009136
9949197	LAP	289	292	C562861
9949197	LAP	295	298	C562861
9949197	was	1243	1246	D014923
9949197	was	1301	1304	D014923
9949197	was	1382	1385	D014923
9949197	was	1484	1487	D014923
9949209	Wilson disease	346	360	D006527
9949209	disease	353	360	D004194
9949209	disease	515	522	D004194
9949209	Indian childhood cirrhosis	527	553	C562580
9949209	cirrhosis	544	553	D005355
9949209	liver disease	738	751	D008107
9949209	disease	744	751	D004194
9949209	was	791	794	D014923
9949209	was	1399	1402	D014923
9950360	APC	26	29	D011125
9950360	FAP	96	99	C567782
9950360	APC	129	132	D011125
9950360	colorectal cancer	155	172	D015179
9950360	cancer	166	172	D009369
9950360	colorectal cancer	225	242	D015179
9950360	cancer	236	242	D009369
9950360	familial adenomatous polyposis	298	328	D011125
9950360	FAP	330	333	C567782
9950360	adenomatous polyposis coli	380	406	D011125
9950360	polyposis coli	392	406	D011125
9950360	APC	408	411	D011125
9950360	APC	476	479	D011125
9950360	was	485	488	D014923
9950360	APC	617	620	D011125
9950360	FAP	638	641	C567782
9950360	colorectal cancer	642	659	D015179
9950360	cancer	653	659	D009369
9950360	APC	674	677	D011125
9950360	was	683	686	D014923
9950360	FAP	713	716	C567782
9950360	FAP	728	731	C567782
9950360	colorectal cancer	732	749	D015179
9950360	cancer	743	749	D009369
9950360	FAP	943	946	C567782
9950360	FAP	1056	1059	C567782
9950360	colorectal cancer	1069	1086	D015179
9950360	cancer	1080	1086	D009369
9950360	FAP	1220	1223	C567782
9950360	APC	1617	1620	D011125
9950360	FAP	1642	1645	C567782
9950360	FAP	1654	1657	C567782
9950360	colorectal cancer	1658	1675	D015179
9950360	cancer	1669	1675	D009369
9973276	cancer	35	41	D009369
9973276	APC	54	57	D011125
9973276	APC	129	132	D011125
9973276	colorectal tumor	162	178	D015179
9973276	tumor	173	178	D009369
9973276	familial adenomatous polyposis	192	222	D011125
9973276	syndrome	223	231	D013577
9973276	carcinogenesis	256	270	D063646
9973276	APC	364	367	D011125
9973276	APC	473	476	D011125
9973276	carcinogenesis	507	521	D063646
9973276	adenomatous polyps	600	618	D018256
9973276	polyps	612	618	D011127
9973276	colorectal cancer	627	644	D015179
9973276	cancer	638	644	D009369
9973276	APC	654	657	D011125
9973276	APC	683	686	D011125
9973276	was	701	704	D014923
9973276	APC	823	826	D011125
9973276	neoplasia	915	924	D009369
9973276	APC	981	984	D011125
9973276	adenomas	1026	1034	D000236
9973276	colorectal cancers	1039	1057	D015179
9973276	cancers	1050	1057	D009369
9973276	APC	1141	1144	D011125
9973276	adenoma	1179	1186	D000236
9973276	all	1235	1238	D054198
9973276	colorectal cancer	1256	1273	D015179
9973276	cancer	1267	1273	D009369
9973276	colorectal cancer	1507	1524	D015179
9973276	cancer	1518	1524	D009369
9988281	breast carcinomas	70	87	D001943
9988281	carcinomas	77	87	D002277
9988281	ovarian cancer	174	188	D010051
9988281	cancer	182	188	D009369
9988281	cancers	248	255	D009369
9988281	cancers	305	312	D009369
9988281	ovarian cancers	461	476	D010051
9988281	cancers	469	476	D009369
9988281	all	940	943	D054198
9988281	malignancies	1003	1015	D009369
9988281	cancers	1140	1147	D009369
9988281	ductal carcinomas	1162	1179	D044584
9988281	carcinomas	1169	1179	D002277
9988281	was	1210	1213	D014923
9988281	ductal carcinomas	1269	1286	D044584
9988281	carcinomas	1276	1286	D002277
9988281	cancers	1403	1410	D009369
